Date,Sales
2010-02-15,92680.57
2010-02-16,91157.83
2010-02-17,92596.33
2010-02-18,90822.0
2010-02-19,90028.20999999999
2010-02-22,91711.72
2010-02-23,92601.33
2010-02-24,91856.82
2010-02-25,91569.28
2010-03-01,92147.34
2010-03-02,91877.03
2010-03-03,91471.20999999999
2010-03-04,91742.37
2010-03-05,92059.31
2010-03-08,95027.64
2010-03-09,94366.52
2010-03-10,95386.37000000001
2010-03-11,94960.67
2010-03-12,96150.88
2010-03-15,96086.0
2010-03-17,100160.17
2010-03-18,100038.33
2010-03-19,100491.93
2010-03-22,99261.0
2010-03-23,99883.93
2010-03-24,101922.0
2010-03-25,102715.0
2010-03-26,104368.17
2010-03-29,103909.48
2010-03-30,104190.33
2010-03-31,103241.18
2010-04-01,105234.75
2010-04-05,106944.45
2010-04-06,106213.0
2010-04-07,107037.74
2010-04-08,104955.73999999999
2010-04-09,104514.0
2010-04-12,106098.4
2010-04-13,106767.0
2010-04-14,106708.0
2010-04-15,107335.33
2010-04-16,107840.66
2010-04-19,103943.76000000001
2010-04-20,106695.0
2010-04-21,107274.85
2010-04-22,108063.0
2010-04-23,108569.58
2010-04-26,109355.0
2010-04-27,110073.0
2010-04-28,108229.0
2010-04-29,108786.32
2010-04-30,109527.14
2010-05-03,109716.4
2010-05-04,109299.0
2010-05-05,103764.03
2010-05-06,102545.3
2010-05-07,98891.45
2010-05-10,102845.0
2010-05-11,102467.0
2010-05-12,104538.0
2010-05-14,105856.56
2010-05-17,104432.0
2010-05-18,104178.0
2010-05-19,99133.0
2010-05-20,97437.0
2010-05-21,99938.45000000001
2010-05-24,93987.84
2010-05-25,90512.12
2010-05-26,98802.0
2010-05-27,99145.38
2010-05-31,102792.0
2010-06-01,100693.5
2010-06-02,100393.0
2010-06-03,101861.0
2010-06-04,102698.0
2010-06-07,100269.77
2010-06-08,100307.69
2010-06-09,101291.14
2010-06-10,101775.56
2010-06-11,102668.0
2010-06-14,103327.02
2010-06-15,103452.58
2010-06-16,105537.02
2010-06-17,107444.0
2010-06-18,109024.0
2010-06-21,108930.63
2010-06-22,108978.84
2010-06-23,108590.56
2010-06-24,107341.01999999999
2010-06-25,108019.61
2010-06-28,108374.73999999999
2010-06-29,106337.85
2010-06-30,107077.81
2010-07-01,107216.37
2010-07-02,107080.0
2010-07-05,108297.18
2010-07-06,108501.0
2010-07-07,108990.0
2010-07-08,109505.05
2010-07-09,110194.0
2010-07-12,109845.14
2010-07-13,109568.51999999999
2010-07-14,110510.5
2010-07-15,110072.0
2010-07-16,110862.0
2010-07-19,109689.63
2010-07-20,109988.22
2010-07-21,110762.0
2010-07-22,110962.0
2010-07-23,112365.51
2010-07-26,111122.0
2010-07-27,112012.02
2010-07-28,112037.0
2010-07-29,113203.91
2010-07-30,111810.88
2010-08-02,111928.0
2010-08-03,109836.0
2010-08-04,110051.29000000001
2010-08-05,111480.68
2010-08-06,111695.0
2010-08-09,112335.07
2010-08-10,111734.11
2010-08-11,111569.44
2010-08-12,111106.69
2010-08-13,111912.0
2010-08-16,111751.08
2010-08-18,113832.0
2010-08-19,114912.88
2010-08-20,116649.48999999999
2010-08-23,116117.0
2010-08-24,115636.0
2010-08-25,116093.0
2010-08-26,117563.27
2010-08-27,116374.07
2010-08-30,116621.82
2010-08-31,114602.6
2010-09-01,116147.57999999999
2010-09-02,114937.8
2010-09-03,117370.0
2010-09-06,118973.0
2010-09-07,119734.47
2010-09-15,122164.0
2010-09-16,121092.25
2010-09-17,123549.33
2010-09-20,123619.33
2010-09-21,124224.76000000001
2010-09-22,124139.0
2010-09-23,122503.73000000001
2010-09-24,125677.0
2010-09-27,127683.0
2010-09-28,128488.0
2010-09-29,125885.56
2010-09-30,129008.0
2010-10-01,129426.89
2010-10-04,130507.14
2010-10-05,130257.65
2010-10-06,132314.58
2010-10-07,132195.11
2010-10-08,130860.76
2010-10-11,129333.0
2010-10-12,128927.95
2010-10-13,131270.5
2010-10-14,133059.72
2010-10-15,134634.5
2010-10-18,131838.17
2010-10-19,131855.54
2010-10-20,130196.14
2010-10-21,132235.0
2010-10-22,134107.74
2010-10-25,135773.98
2010-10-26,135066.72
2010-10-27,133277.52000000002
2010-10-28,131036.08
2010-10-29,130760.42
2010-11-01,131286.47
2010-11-02,132602.41999999998
2010-11-03,130777.83
2010-11-04,132146.0
2010-11-05,135581.0
2010-11-08,136628.86
2010-11-09,141529.93
2010-11-10,141522.05000000002
2010-11-11,139858.64
2010-11-12,135739.0
2010-11-15,135364.5
2010-11-16,135159.29
2010-11-18,136155.0
2010-11-19,138111.53
2010-11-22,137962.29
2010-11-23,135794.57
2010-11-24,135762.0
2010-11-25,138004.88
2010-11-26,135877.05
2010-11-29,135424.64
2010-11-30,131968.37
2010-12-01,131156.91999999998
2010-12-02,133779.41999999998
2010-12-03,132235.0
2010-12-06,134699.42
2010-12-08,139213.0
2010-12-09,140133.25
2010-12-10,138285.0
2010-12-13,136631.8
2010-12-14,135762.4
2010-12-15,135590.0
2010-12-16,132330.0
2010-12-17,134693.52000000002
2010-12-20,134678.94
2010-12-21,137041.47
2010-12-22,135727.57
2010-12-23,134836.02
2010-12-27,135972.38
2010-12-28,136078.0
2010-12-29,136634.0
2010-12-30,136037.82
2011-01-03,140347.12
2011-01-04,143778.0
2011-01-05,143852.15
2011-01-06,141542.0
2011-01-07,131248.66
2011-01-10,131433.0
2011-01-11,130927.6
2011-01-12,134978.98
2011-01-13,128775.32
2011-01-14,129035.73000000001
2011-01-17,131796.91
2011-01-18,131893.0
2011-01-19,130137.6
2011-01-20,125674.63
2011-01-21,122645.12
2011-01-24,119740.83
2011-01-25,123582.31
2011-01-26,127642.04000000001
2011-01-27,128229.85
2011-01-28,126414.81
2011-01-31,121827.29
2011-02-01,124661.18
2011-02-02,126020.0
2011-02-04,126688.82
2011-02-07,125809.98999999999
2011-02-08,125173.19
2011-02-09,123320.0
2011-02-10,121730.64
2011-02-11,121883.9
2011-02-14,123598.03
2011-02-16,123238.72
2011-02-17,125470.67
2011-02-18,127614.0
2011-02-21,127629.03
2011-02-22,125589.32
2011-02-23,128398.0
2011-02-24,124694.0
2011-02-25,123280.83
2011-02-28,124389.33
2011-03-01,125518.32
2011-03-02,123120.12
2011-03-03,121361.0
2011-03-04,125493.4
2011-03-07,124260.52
2011-03-08,125533.51
2011-03-09,125140.6
2011-03-10,125422.12
2011-03-11,123655.75
2011-03-14,126913.01
2011-03-15,127572.19
2011-03-16,127912.0
2011-03-17,125511.12
2011-03-18,127510.6
2011-03-21,128073.54000000001
2011-03-22,128873.5
2011-03-23,128784.81
2011-03-24,134456.0
2011-03-25,132213.0
2011-03-28,130274.98999999999
2011-03-29,130366.35
2011-03-30,130903.90000000001
2011-03-31,131600.32
2011-04-01,134692.27
2011-04-04,135914.0
2011-04-05,134801.41999999998
2011-04-06,135013.0
2011-04-07,133178.73
2011-04-08,136765.7
2011-04-11,136657.2
2011-04-12,134624.0
2011-04-13,135966.23
2011-04-14,133999.97999999998
2011-04-15,135866.32
2011-04-18,135424.0
2011-04-19,135204.78
2011-04-20,136599.71
2011-04-21,137134.0
2011-04-25,136808.89
2011-04-26,135735.86
2011-04-27,135914.0
2011-04-28,135838.41999999998
2011-04-29,135278.88
2011-05-02,136157.65
2011-05-03,135162.84
2011-05-04,134729.07
2011-05-05,135907.23
2011-05-06,135088.41
2011-05-09,134976.02000000002
2011-05-10,134494.0
2011-05-11,135927.12
2011-05-12,133916.41
2011-05-13,134592.68
2011-05-16,131568.53
2011-05-18,132809.86
2011-05-19,135048.47
2011-05-20,136139.63
2011-05-23,133555.0
2011-05-24,134044.0
2011-05-25,133838.0
2011-05-26,135367.67
2011-05-27,136135.0
2011-05-30,135675.78
2011-05-31,134850.4
2011-06-01,134681.2
2011-06-03,134830.7
2011-06-06,135351.0
2011-06-07,135297.98
2011-06-08,134284.69
2011-06-09,133853.79
2011-06-10,132519.0
2011-06-13,131486.88
2011-06-14,132209.0
2011-06-15,133137.16
2011-06-16,131769.04
2011-06-17,130428.11
2011-06-20,130317.0
2011-06-21,132292.98
2011-06-22,132683.0
2011-06-23,132619.0
2011-06-24,132702.77000000002
2011-06-27,132728.44
2011-06-28,132721.0
2011-06-30,133384.27
2011-07-01,135006.72999999998
2011-07-04,134966.03
2011-07-05,134772.0
2011-07-06,132169.1
2011-07-07,134669.12
2011-07-08,138799.59
2011-07-11,139761.56
2011-07-12,137679.0
2011-07-13,138434.85
2011-07-14,139516.0
2011-07-15,140150.54
2011-07-18,140195.0
2011-07-19,138721.11
2011-07-20,141266.72999999998
2011-07-21,142061.0
2011-07-22,143027.36
2011-07-25,141869.43
2011-07-26,145409.0
2011-07-27,145938.43
2011-07-28,144727.03
2011-07-29,143222.33
2011-08-01,144080.0
2011-08-02,143009.22
2011-08-03,140502.91999999998
2011-08-04,139734.0
2011-08-05,131642.0
2011-08-08,130530.73
2011-08-09,126656.64
2011-08-10,132670.59
2011-08-11,130255.35
2011-08-12,132154.9
2011-08-15,135850.45
2011-08-16,134664.29
2011-08-18,135925.34
2011-08-19,129649.64
2011-08-22,130201.0
2011-08-23,131518.43
2011-08-24,130372.66
2011-08-25,129585.86
2011-08-26,129903.5
2011-09-05,130202.24
2011-09-06,131581.0
2011-09-07,136229.0
2011-09-08,134739.88
2011-09-09,134694.43
2011-09-12,130445.58
2011-09-13,130909.0
2011-09-14,127733.59
2011-09-15,126374.33
2011-09-16,128272.58
2011-09-19,126389.25
2011-09-20,126008.0
2011-09-21,125368.09
2011-09-22,110079.0
2011-09-23,114805.23999999999
2011-09-26,110166.33
2011-09-27,115229.0
2011-09-28,118036.66
2011-09-29,119336.70999999999
2011-09-30,119460.3
2011-10-03,112376.88
2011-10-04,107112.69
2011-10-05,107278.82
2011-10-06,114291.47
2011-10-07,112367.0
2011-10-10,113847.07
2011-10-11,118359.68
2011-10-12,123589.67
2011-10-13,126332.55
2011-10-14,122786.32
2011-10-17,127769.0
2011-10-18,123221.0
2011-10-19,125824.0
2011-10-20,122352.0
2011-10-21,121491.0
2011-10-24,125659.0
2011-10-25,126188.0
2011-10-26,126729.15
2011-10-27,129914.95999999999
2011-10-28,132773.0
2011-10-31,132046.0
2011-11-01,127529.83
2011-11-02,130690.79
2011-11-03,127725.0
2011-11-04,129817.26000000001
2011-11-07,126900.15000000001
2011-11-08,130784.76999999999
2011-11-09,131909.95
2011-11-10,128641.12
2011-11-11,129089.04
2011-11-14,131808.33
2011-11-15,130544.42
2011-11-16,130633.95
2011-11-17,130181.0
2011-11-18,128070.02
2011-11-21,124779.25
2011-11-22,126237.16
2011-11-23,124819.68
2011-11-24,124468.35
2011-11-25,120295.0
2011-11-28,119816.07
2011-11-29,121006.68
2011-11-30,122358.67
2011-12-01,121766.92
2011-12-02,125008.12
2011-12-05,125028.0
2011-12-06,125007.19
2011-12-07,124807.47
2011-12-08,123661.63
2011-12-09,122557.12
2011-12-12,123750.31999999999
2011-12-13,123742.0
2011-12-14,123445.0
2011-12-15,121035.79
2011-12-16,124265.38
2011-12-19,124335.0
2011-12-20,126781.84
2011-12-21,125926.0
2011-12-22,127381.7
2011-12-23,126481.68
2011-12-27,126215.0
2011-12-28,125547.97
2011-12-29,126912.93
2011-12-30,127494.93
2012-01-02,130105.5
2012-01-03,130398.92
2012-01-04,132527.0
2012-01-05,132874.26
2012-01-06,130426.0
2012-01-09,131397.69
2012-01-10,133218.92
2012-01-11,132078.0
2012-01-12,131345.0
2012-01-13,132362.0
2012-01-16,131284.24
2012-01-17,134721.91
2012-01-18,134123.27000000002
2012-01-19,135136.66
2012-01-20,133607.52
2012-01-24,133129.89
2012-01-25,132215.55
2012-01-26,131844.62
2012-01-27,132390.0
2012-01-30,129161.0
2012-01-31,129944.0
2012-02-01,130766.68
2012-02-02,135759.86
2012-02-03,133780.75
2012-02-06,132913.45
2012-02-07,132523.68
2012-02-08,135436.66
2012-02-09,135370.79
2012-02-10,133017.41999999998
2012-02-13,133729.3
2012-02-14,134270.24
2012-02-15,135515.33000000002
2012-02-16,134179.22
2012-02-17,135658.0
2012-02-20,136300.0
2012-02-21,135688.0
2012-02-22,136229.16
2012-02-23,135852.45
2012-02-24,131914.09
2012-02-27,131181.0
2012-02-28,133789.35
2012-02-29,133944.09
2012-03-01,135981.52
2012-03-02,137519.62
2012-03-05,136048.86
2012-03-06,134585.08000000002
2012-03-07,133232.52
2012-03-08,135260.0
2012-03-09,133624.47
2012-03-12,136279.54
2012-03-13,136634.33
2012-03-14,138538.68
2012-03-15,137165.86
2012-03-16,137213.54
2012-03-19,137723.54
2012-03-20,136554.73
2012-03-21,136582.91
2012-03-22,136659.0
2012-03-26,136985.21
2012-03-27,138977.03
2012-03-28,139322.0
2012-03-29,138342.48
2012-03-30,139920.0
2012-04-02,141975.16999999998
2012-04-03,142063.66999999998
2012-04-04,139278.83000000002
2012-04-05,140002.39
2012-04-09,139087.95
2012-04-10,140016.0
2012-04-11,138804.3
2012-04-12,139647.0
2012-04-13,138661.0
2012-04-16,136866.83000000002
2012-04-17,137888.3
2012-04-18,138350.0
2012-04-19,137904.41
2012-04-20,138215.0
2012-04-23,137076.0
2012-04-24,137944.01
2012-04-25,138639.0
2012-04-26,138824.41999999998
2012-04-27,138329.97
2012-04-30,136367.9
2012-05-01,136985.0
2012-05-02,137088.93
2012-05-03,137752.46
2012-05-04,137389.0
2012-05-07,134782.17
2012-05-08,135483.22999999998
2012-05-09,133978.66999999998
2012-05-10,133951.0
2012-05-11,131775.0
2012-05-14,129661.64
2012-05-15,128975.0
2012-05-16,126650.13
2012-05-21,124809.3
2012-05-22,127525.42
2012-05-23,127972.0
2012-05-24,128207.0
2012-05-25,124971.18
2012-05-28,125362.94
2012-05-29,125587.0
2012-05-30,126171.0
2012-05-31,123201.25
2012-06-01,122413.82
2012-06-04,114413.83
2012-06-05,116518.46
2012-06-06,121630.29000000001
2012-06-07,122490.97
2012-06-08,121735.0
2012-06-11,127491.69
2012-06-12,123411.0
2012-06-13,124142.58
2012-06-14,122341.0
2012-06-15,123974.0
2012-06-18,127054.82
2012-06-19,126579.38
2012-06-20,128092.36
2012-06-21,126445.0
2012-06-22,125244.41
2012-06-25,125697.25
2012-06-26,126157.27
2012-06-27,127287.17
2012-06-28,124436.3
2012-06-29,126742.88
2012-07-02,130484.03
2012-07-03,132641.68
2012-07-04,133681.0
2012-07-05,133630.61
2012-07-06,132877.0
2012-07-09,131314.22
2012-07-10,131188.0
2012-07-11,132042.0
2012-07-12,130225.93
2012-07-13,130586.83
2012-07-16,130778.17
2012-07-17,132112.91
2012-07-18,132461.0
2012-07-19,132997.82
2012-07-20,132423.0
2012-07-23,130277.68
2012-07-24,129538.0
2012-07-25,128009.0
2012-07-26,127513.69
2012-07-27,130630.62
2012-07-30,131499.95
2012-07-31,133870.22
2012-08-01,133960.0
2012-08-02,132113.96
2012-08-03,131495.0
2012-08-06,132973.85
2012-08-07,132555.04
2012-08-08,131815.82
2012-08-09,132858.15
2012-08-10,134041.0
2012-08-13,133010.22
2012-08-14,133965.46
2012-08-15,134415.74
2012-08-16,134721.0
2012-08-23,134706.03
2012-08-24,133109.69
2012-08-27,133601.39
2012-08-28,134352.27000000002
2012-08-29,132407.0
2012-08-30,129672.22
2012-08-31,132548.0
2012-09-03,133380.0
2012-09-04,132424.16999999998
2012-09-05,132414.19
2012-09-06,133535.08
2012-09-07,134583.0
2012-09-10,135975.1
2012-09-11,135001.0
2012-09-12,136004.0
2012-09-13,135213.0
2012-09-14,139001.21
2012-09-17,140603.0
2012-09-18,139120.0
2012-09-19,140293.29
2012-09-20,140193.39
2012-09-21,141763.0
2012-09-24,141287.0
2012-09-25,141846.55
2012-09-26,136989.45
2012-09-27,140750.29
2012-09-28,142443.0
2012-10-01,140331.4
2012-10-02,141985.0
2012-10-03,142648.19
2012-10-04,143405.02
2012-10-05,144832.37
2012-10-08,143282.0
2012-10-09,143117.57
2012-10-10,142979.94
2012-10-11,143459.88
2012-10-12,144152.0
2012-10-15,144396.7
2012-10-16,145941.78
2012-10-17,145233.0
2012-10-18,145826.0
2012-10-19,144618.31
2012-10-22,145525.0
2012-10-23,145234.0
2012-10-24,145757.5
2012-10-25,145623.75
2012-10-29,145283.6
2012-10-30,144206.0
2012-10-31,143578.68
2012-11-01,145259.82
2012-11-02,145550.0
2012-11-05,144796.02000000002
2012-11-06,145710.57
2012-11-07,146604.82
2012-11-08,146073.41
2012-11-09,146901.34
2012-11-12,145736.0
2012-11-13,144928.0
2012-11-14,144557.18
2012-11-19,145138.0
2012-11-20,145824.75
2012-11-21,146332.58000000002
2012-11-22,145889.0
2012-11-23,144630.43
2012-11-26,144400.0
2012-11-27,143557.07
2012-11-28,143290.43
2012-11-29,144853.0
2012-11-30,143687.46
2012-12-03,144362.0
2012-12-04,142965.0
2012-12-05,142778.31
2012-12-06,144783.08000000002
2012-12-07,142514.0
2012-12-10,142958.77
2012-12-11,146204.26
2012-12-12,147021.0
2012-12-13,147079.23
2012-12-14,147384.65
2012-12-17,146373.35
2012-12-18,146553.12
2012-12-19,145073.82
2012-12-20,144951.06
2012-12-21,146475.49
2012-12-26,146498.56
2012-12-27,146574.0
2012-12-28,148330.71
2013-01-02,148494.29
2013-01-03,150170.58000000002
2013-01-04,149748.0
2013-01-07,149095.35
2013-01-08,150545.35
2013-01-09,147980.0
2013-01-10,145412.27
2013-01-11,144416.06
2013-01-14,147432.2
2013-01-15,149505.55
2013-01-16,150121.4
2013-01-17,150404.76
2013-01-18,150979.66
2013-01-21,149290.3
2013-01-22,148275.38
2013-01-23,148692.04
2013-01-25,147984.41999999998
2013-01-28,147984.0
2013-01-29,149685.16
2013-01-30,150870.05
2013-01-31,150048.99
2013-02-01,150251.35
2013-02-04,149708.16
2013-02-05,150333.55
2013-02-06,150896.0
2013-02-07,151064.43
2013-02-08,150924.84
2013-02-11,151084.19
2013-02-12,152188.0
2013-02-13,152640.68
2013-02-14,153078.25
2013-02-15,153151.84
2013-02-18,152797.82
2013-02-19,152657.0
2013-02-20,153417.08000000002
2013-02-21,153631.5
2013-02-22,153206.0
2013-02-25,155031.56
2013-02-26,153682.12
2013-02-27,154780.0
2013-02-28,157122.91
2013-03-01,157433.16
2013-03-04,157634.91
2013-03-05,156786.37
2013-03-06,159193.0
2013-03-07,159756.43
2013-03-08,160528.83
2013-03-11,158614.05000000002
2013-03-13,159210.33000000002
2013-03-14,157277.0
2013-03-15,159269.5
2013-03-18,158554.22
2013-03-19,156368.91
2013-03-20,155075.3
2013-03-21,152641.43
2013-03-22,148891.01
2013-03-25,151273.19
2013-03-26,152685.43
2013-03-27,155851.29
2013-03-28,155944.87
2013-04-01,155237.04
2013-04-02,156869.85
2013-04-03,158991.56
2013-04-04,159012.71
2013-04-05,158873.91999999998
2013-04-08,159227.03
2013-04-09,158349.91
2013-04-10,157225.02
2013-04-11,157112.9
2013-04-12,158631.24
2013-04-15,156585.15
2013-04-16,159502.19
2013-04-17,165887.28
2013-04-18,166223.0
2013-04-19,164816.93
2013-04-22,164339.32
2013-04-23,164533.75
2013-04-24,165901.32
2013-04-25,164744.24
2013-04-26,164724.45
2013-04-29,164283.56
2013-04-30,165982.57
2013-05-01,166463.0
2013-05-02,163319.66
2013-05-03,162316.0
2013-05-06,162402.18
2013-05-07,163195.77
2013-05-08,163897.88
2013-05-10,164128.76
2013-05-13,161026.74
2013-05-14,161190.0
2013-05-15,160013.45
2013-05-16,159330.0
2013-05-17,162344.0
2013-05-20,164480.59
2013-05-21,164015.57
2013-05-22,163650.45
2013-05-23,159845.0
2013-05-24,159049.16
2013-05-27,154358.85
2013-05-28,158004.47
2013-05-29,159779.44
2013-05-30,155987.96
2013-05-31,154917.95
2013-06-03,150544.0
2013-06-04,152899.28
2013-06-05,151766.41
2013-06-07,145437.32
2013-06-10,143885.07
2013-06-11,138428.07
2013-06-12,141643.0
2013-06-13,140520.23
2013-06-14,146227.81
2013-06-17,146373.81
2013-06-18,146528.0
2013-06-19,144795.95
2013-06-20,147945.02
2013-06-21,137778.75
2013-06-24,133936.31
2013-06-25,133646.0
2013-06-26,140958.58000000002
2013-06-27,142004.31
2013-06-28,148007.54
2013-07-01,146011.44
2013-07-02,144427.0
2013-07-03,138696.75
2013-07-04,140215.82
2013-07-05,140725.0
2013-07-08,134594.41
2013-07-09,132995.0
2013-07-10,136746.76
2013-07-11,140247.83
2013-07-12,139939.69
2013-07-15,140402.78
2013-07-16,139884.41
2013-07-17,140370.99
2013-07-18,141588.04
2013-07-19,139635.24
2013-07-22,138582.73
2013-07-23,142724.12
2013-07-24,140860.83000000002
2013-07-25,139105.0
2013-07-26,138762.0
2013-07-29,136148.0
2013-07-30,136558.1
2013-07-31,135354.3
2013-08-01,137210.89
2013-08-02,138904.89
2013-08-12,140201.41999999998
2013-08-13,142252.78
2013-08-14,143628.08000000002
2013-08-15,141962.0
2013-08-16,139923.71
2013-08-19,130362.0
2013-08-20,126781.32
2013-08-21,129786.75
2013-08-22,130623.33
2013-08-23,131023.78
2013-08-26,127608.0
2013-08-27,124623.31
2013-08-28,123831.43
2013-08-29,127525.42
2013-08-30,133183.73
2013-09-02,128585.03
2013-09-03,131289.86
2013-09-04,129486.73
2013-09-05,129753.75
2013-09-06,130349.83
2013-09-09,133080.36
2013-09-10,136276.3
2013-09-11,135530.0
2013-09-12,136303.75
2013-09-13,134387.59
2013-09-16,139719.9
2013-09-17,140844.78
2013-09-18,140338.3
2013-09-19,147914.83000000002
2013-09-20,140785.6
2013-09-23,144961.0
2013-09-24,141603.87
2013-09-25,137200.0
2013-09-26,135352.83
2013-09-27,136459.46
2013-09-30,130011.23
2013-10-01,130481.0
2013-10-02,132449.0
2013-10-03,134198.02
2013-10-04,132626.0
2013-10-07,132268.64
2013-10-08,134165.55
2013-10-09,136642.97
2013-10-10,138327.53
2013-10-11,142571.28
2013-10-16,141039.75
2013-10-17,143498.05
2013-10-18,145305.0
2013-10-21,145732.0
2013-10-22,142708.0
2013-10-23,143792.17
2013-10-24,144331.0
2013-10-25,143422.71
2013-10-28,143658.0
2013-10-29,141650.67
2013-10-30,142527.2
2013-10-31,138672.05
2013-11-01,137145.56
2013-11-04,136390.0
2013-11-06,136899.0
2013-11-07,138189.55
2013-11-08,137797.53
2013-11-11,137275.49
2013-11-12,136837.96
2013-11-13,134333.0
2013-11-14,134012.07
2013-11-15,135752.69
2013-11-18,136424.0
2013-11-19,135392.49
2013-11-20,132267.98
2013-11-21,131855.0
2013-11-22,131699.0
2013-11-25,132992.2
2013-11-26,130468.4
2013-11-27,130179.0
2013-11-28,129124.0
2013-11-29,129857.53
2013-12-02,132322.27
2013-12-03,131526.0
2013-12-04,131748.99
2013-12-05,130200.95
2013-12-06,128493.64
2013-12-09,129444.2
2013-12-10,132479.4
2013-12-11,131549.96
2013-12-12,128657.0
2013-12-13,127640.0
2013-12-16,125357.0
2013-12-17,128215.85
2013-12-18,131371.15
2013-12-19,131567.0
2013-12-20,130851.18
2013-12-23,130160.6
2013-12-24,130708.47
2013-12-27,129909.64
2013-12-30,132572.91999999998
2014-01-02,133051.2
2014-01-03,130320.0
2014-01-06,129895.58
2014-01-07,127962.82
2014-01-08,128104.98
2014-01-09,128663.48
2014-01-10,130840.0
2014-01-13,135334.0
2014-01-15,135985.12
2014-01-16,135164.71
2014-01-17,135142.04
2014-01-20,135053.45
2014-01-21,135437.0
2014-01-22,136502.91
2014-01-23,139185.73
2014-01-24,136411.0
2014-01-27,131526.09
2014-01-28,133296.26
2014-01-29,135349.0
2014-01-30,136095.88
2014-02-03,134708.81
2014-02-04,132613.88
2014-02-05,134813.0
2014-02-06,137155.9
2014-02-07,138450.0
2014-02-10,137999.61
2014-02-11,138152.6
2014-02-12,139062.41999999998
2014-02-13,138869.12
2014-02-14,137678.98
2014-02-17,140355.1
2014-02-18,139593.56
2014-02-19,139975.86
2014-02-20,140448.04
2014-02-21,140111.38
2014-02-24,139399.77
2014-02-25,137817.5
2014-02-26,135916.05
2014-02-27,137170.0
2014-02-28,139674.8
2014-03-03,137908.07
2014-03-04,138626.52
2014-03-05,140129.6
2014-03-06,140443.07
2014-03-07,141036.98
2014-03-10,141339.52
2014-03-11,141793.0
2014-03-12,141046.68
2014-03-13,140777.51
2014-03-14,145648.48
2014-03-17,145598.82
2014-03-18,143913.56
2014-03-19,144347.0
2014-03-20,138956.57
2014-03-21,141335.8
2014-03-24,141223.35
2014-03-25,141536.74
2014-03-26,142023.34
2014-03-27,141909.85
2014-03-28,142729.4
2014-04-01,146538.91
2014-04-02,146451.64
2014-04-03,147659.82
2014-04-04,145910.81
2014-04-07,148760.77
2014-04-08,150906.08000000002
2014-04-09,148856.0
2014-04-10,143080.96
2014-04-11,144665.91
2014-04-14,146505.0
2014-04-15,146510.25
2014-04-16,146472.92
2014-04-17,147205.24
2014-04-21,146530.93
2014-04-22,146508.98
2014-04-23,147274.0
2014-04-24,146566.53
2014-04-25,147127.46
2014-04-28,144383.78
2014-04-29,142668.77
2014-04-30,143379.91
2014-05-02,141712.93
2014-05-05,141963.78
2014-05-06,142076.0
2014-05-07,142644.93
2014-05-08,143947.09
2014-05-09,144433.93
2014-05-12,147584.0
2014-05-13,148104.96
2014-05-14,150500.77
2014-05-16,150355.0
2014-05-19,149628.85
2014-05-20,147121.0
2014-05-21,148305.3
2014-05-22,150863.0
2014-05-23,148512.52
2014-05-26,150982.75
2014-05-28,151881.13
2014-05-30,147543.03
2014-06-02,149536.41999999998
2014-06-03,150666.0
2014-06-04,149944.72
2014-06-05,149947.0
2014-06-06,150348.38
2014-06-09,146101.79
2014-06-10,149402.39
2014-06-11,149985.04
2014-06-12,149845.52
2014-06-13,149675.61
2014-06-16,148018.3
2014-06-17,149364.44
2014-06-18,148568.0
2014-06-19,147195.91
2014-06-20,145701.66
2014-06-23,145224.0
2014-06-24,146114.54
2014-06-25,144746.0
2014-06-26,145510.21
2014-06-27,144663.21
2014-06-30,145301.0
2014-07-01,145341.79
2014-07-02,146302.66999999998
2014-07-03,146648.49
2014-07-04,150222.97
2014-07-07,151667.74
2014-07-08,151591.22
2014-07-09,151263.44
2014-07-10,154012.0
2014-07-11,151853.57
2014-07-14,151640.58000000002
2014-07-15,152675.46
2014-07-16,154153.86
2014-07-17,152282.0
2014-07-18,153448.0
2014-07-21,155558.03
2014-07-22,153384.0
2014-07-23,153926.62
2014-07-24,154563.41999999998
2014-07-25,153223.98
2014-08-04,154779.43
2014-08-05,154147.59
2014-08-06,153557.0
2014-08-07,153845.22
2014-08-08,153257.93
2014-08-11,154762.36
2014-08-12,155066.76
2014-08-13,155623.09
2014-08-14,154947.03
2014-08-15,157221.0
2014-08-18,157633.98
2014-08-19,157448.0
2014-08-20,158068.0
2014-08-21,158242.64
2014-08-22,157940.0
2014-08-25,158048.0
2014-08-26,155992.31
2014-08-27,156578.08
2014-08-28,157378.99
2014-08-29,154897.0
2014-09-01,156604.85
2014-09-02,157133.36
2014-09-03,158551.37
2014-09-04,157903.57
2014-09-05,157917.12
2014-09-08,158479.71
2014-09-09,155782.0
2014-09-10,152793.0
2014-09-11,151420.69
2014-09-12,152409.0
2014-09-15,153276.39
2014-09-16,153730.98
2014-09-17,154705.28
2014-09-18,155038.48
2014-09-19,155687.69
2014-09-22,155980.84
2014-09-23,153728.0
2014-09-24,153009.73
2014-09-25,153504.66999999998
2014-09-26,148737.69
2014-09-29,151062.64
2014-09-30,149904.47
2014-10-01,149608.11
2014-10-02,145653.0
2014-10-03,145298.28
2014-10-06,147170.98
2014-10-07,149034.24
2014-10-08,138948.74
2014-10-09,146478.31
2014-10-10,145072.17
2014-10-13,142689.51
2014-10-14,142327.18
2014-10-15,141218.0
2014-10-16,142204.37
2014-10-17,143787.81
2014-10-20,144582.22
2014-10-21,143887.79
2014-10-22,147092.07
2014-10-23,147216.1
2014-10-24,146825.0
2014-10-27,145977.22
2014-10-28,144659.13
2014-10-29,147879.06
2014-10-30,145796.18
2014-10-31,147114.96
2014-11-03,146080.0
2014-11-04,144673.16
2014-11-05,144595.59
2014-11-06,143562.47
2014-11-07,142049.83
2014-11-10,140849.11
2014-11-11,143751.0
2014-11-12,144082.0
2014-11-13,143160.89
2014-11-14,143257.73
2014-11-17,144270.0
2014-11-18,145577.0
2014-11-19,146200.47
2014-11-20,145293.0
2014-11-21,146314.37
2014-11-24,147658.53
2014-11-25,146868.2
2014-11-26,147639.0
2014-11-27,148037.86
2014-11-28,147884.18
2014-12-01,148769.83000000002
2014-12-02,149008.13
2014-12-03,146911.12
2014-12-04,149043.0
2014-12-05,148976.0
2014-12-08,149010.47
2014-12-09,146871.0
2014-12-10,146585.57
2014-12-11,145792.0
2014-12-12,145764.07
2014-12-15,144064.08
2014-12-16,139960.0
2014-12-17,140101.0
2014-12-18,142019.67
2014-12-19,144347.37
2014-12-22,143966.92
2014-12-23,144964.41999999998
2014-12-24,145183.12
2014-12-29,144055.19
2014-12-30,146233.07
2015-01-02,147870.55
2015-01-05,146760.9
2015-01-06,144011.23
2015-01-07,145027.9
2015-01-08,144677.0
2015-01-09,145017.2
2015-01-12,144048.0
2015-01-13,144385.73
2015-01-14,143798.05
2015-01-15,146618.87
2015-01-16,142373.65
2015-01-19,139493.0
2015-01-20,140726.75
2015-01-21,142888.52
2015-01-22,144030.86
2015-01-23,145028.44
2015-01-26,143355.78
2015-01-27,144149.43
2015-01-28,144025.0
2015-01-29,143863.3
2015-01-30,146017.84
2015-02-02,145152.44
2015-02-03,146369.0
2015-02-04,147325.0
2015-02-05,145713.39
2015-02-06,147398.74
2015-02-09,148292.74
2015-02-10,147612.34
2015-02-11,148777.0
2015-02-12,148357.57
2015-02-13,148951.05
2015-02-16,147951.0
2015-02-17,149397.0
2015-02-18,150221.39
2015-02-20,149850.0
2015-02-23,150004.0
2015-02-24,149038.9
2015-02-25,150071.23
2015-02-26,149985.78
2015-02-27,149694.79
2015-03-02,150813.0
2015-03-03,150382.94
2015-03-04,149512.76
2015-03-05,149298.66
2015-03-06,150824.98
2015-03-09,148771.0
2015-03-10,148864.0
2015-03-11,146659.0
2015-03-12,146995.0
2015-03-13,147596.91
2015-03-16,146333.42
2015-03-17,146629.64
2015-03-18,145889.0
2015-03-19,147464.13
2015-03-20,146970.57
2015-03-23,146342.0
2015-03-24,146681.0
2015-03-25,145109.49
2015-03-26,143114.86000000002
2015-03-27,144483.44
2015-03-30,148196.95
2015-03-31,147078.66
2015-04-01,145147.5
2015-04-02,145798.18
2015-04-06,147321.53
2015-04-07,145294.14
2015-04-08,147146.04
2015-04-09,146994.11
2015-04-10,146170.89
2015-04-13,144004.34
2015-04-14,143728.44
2015-04-15,143955.7
2015-04-16,144911.0
2015-04-17,144251.75
2015-04-20,142363.72
2015-04-21,145219.02
2015-04-22,144984.69
2015-04-23,143223.7
2015-04-24,143881.44
2015-04-27,138559.33000000002
2015-04-28,138267.7
2015-04-29,134215.18
2015-04-30,132112.27
2015-05-04,134989.91
2015-05-05,135951.0
2015-05-06,136310.51
2015-05-07,135218.03
2015-05-08,137106.7
2015-05-11,138091.52
2015-05-12,139466.83
2015-05-13,140695.0
2015-05-15,140791.33
2015-05-18,141420.84
2015-05-19,140987.78
2015-05-20,140688.2
2015-05-21,142486.77
2015-05-22,141315.14
2015-05-25,141484.63
2015-05-26,142021.0
2015-05-27,140465.98
2015-05-28,140342.78
2015-05-29,139000.0
2015-06-01,137984.21
2015-06-03,135714.0
2015-06-04,134425.29
2015-06-05,134808.6
2015-06-08,132406.0
2015-06-09,128665.77
2015-06-10,129934.37
2015-06-11,129868.74
2015-06-12,129087.59
2015-06-15,127582.44
2015-06-16,128935.14
2015-06-17,129589.64
2015-06-18,129780.44
2015-06-19,131853.3
2015-06-22,129829.2
2015-06-23,129247.0
2015-06-24,130740.81
2015-06-25,129251.7
2015-06-26,127665.0
2015-06-29,127064.73999999999
2015-06-30,127343.93
2015-07-01,126285.69
2015-07-02,129169.48999999999
2015-07-03,130196.38
2015-07-06,127778.59
2015-07-07,127135.70999999999
2015-07-08,124772.77
2015-07-09,124025.63
2015-07-10,124525.0
2015-07-13,124441.62
2015-07-14,125495.81
2015-07-15,124889.0
2015-07-22,123724.79000000001
2015-07-23,124547.02
2015-07-24,122805.43
2015-07-27,118770.32
2015-07-28,117412.0
2015-07-29,116352.0
2015-07-30,115228.59
2015-07-31,117219.0
2015-08-03,116695.82
2015-08-04,117040.53
2015-08-05,119189.02
2015-08-06,118427.52
2015-08-07,116863.0
2015-08-10,115996.0
2015-08-11,111053.0
2015-08-12,107931.39
2015-08-13,111012.0
2015-08-14,110476.24
2015-08-18,107148.95
2015-08-19,107795.47
2015-08-20,104680.0
2015-08-21,102092.0
2015-08-24,96033.95
2015-08-25,98146.22
2015-08-26,100404.59
2015-08-27,106898.91
2015-08-28,107652.82
2015-08-31,109302.23999999999
2015-09-01,106242.43
2015-09-02,105112.2
2015-09-03,106016.2
2015-09-04,105323.75
2015-09-07,102947.66
2015-09-08,103109.70999999999
2015-09-09,103907.0
2015-09-10,105226.51000000001
2015-09-11,107515.77
2015-09-14,107900.70999999999
2015-09-15,106356.0
2015-09-16,104783.2
2015-09-17,106972.4
2015-09-18,107119.36
2015-09-21,105244.0
2015-09-22,104465.91
2015-09-23,102652.66
2015-09-25,103818.53
2015-09-28,99750.23
2015-09-29,100540.91
2015-09-30,101814.0
2015-10-01,103005.93
2015-10-02,101148.05
2015-10-05,106658.79000000001
2015-10-06,109637.88
2015-10-07,113202.9
2015-10-08,112436.02
2015-10-09,114934.54000000001
2015-10-12,116381.03
2015-10-13,113264.95999999999
2015-10-15,112118.67
2015-10-16,113785.57
2015-10-19,114449.70999999999
2015-10-20,114002.37
2015-10-21,116389.97
2015-10-22,114453.82
2015-10-23,117435.43
2015-10-26,117371.43
2015-10-27,116205.85
2015-10-28,114442.0
2015-10-29,109190.98
2015-10-30,108526.0
2015-11-02,108836.0
2015-11-03,111697.15
2015-11-04,114967.15
2015-11-05,114024.83
2015-11-06,113496.0
2015-11-09,109391.67
2015-11-10,107634.97
2015-11-11,109535.57
2015-11-12,108869.33
2015-11-13,109429.7
2015-11-16,108034.84
2015-11-17,110390.68
2015-11-18,111852.12
2015-11-19,112434.46
2015-11-20,113101.73
2015-11-23,112012.0
2015-11-24,110052.98
2015-11-25,111195.98
2015-11-26,113346.03
2015-11-27,111059.4
2015-11-30,105989.0
2015-12-01,110745.28
2015-12-02,110357.96
2015-12-03,109560.93
2015-12-04,108802.83
2015-12-07,108418.7
2015-12-08,108310.81
2015-12-09,106757.82
2015-12-10,106766.0
2015-12-11,104969.27
2015-12-14,103404.97
2015-12-15,104614.98
2015-12-16,108797.08
2015-12-17,109140.34
2015-12-18,109177.87
2015-12-21,107952.0
2015-12-22,108849.0
2015-12-23,109711.73
2015-12-28,107412.75
2015-12-29,110357.8
2015-12-30,110747.98
2016-01-04,108356.75
2016-01-05,108910.0
2016-01-06,111459.44
2016-01-07,108971.63
2016-01-08,108602.23
2016-01-11,106037.98999999999
2016-01-12,107056.0
2016-01-13,108078.05
2016-01-14,106931.85
2016-01-15,106421.77
2016-01-18,105252.45999999999
2016-01-19,105791.0
2016-01-20,103595.72
2016-01-21,103051.03
2016-01-22,105300.0
2016-01-25,107456.09
2016-01-26,105375.74
2016-01-27,106755.28
2016-01-28,107842.0
2016-01-29,108025.81
2016-02-01,107651.05
2016-02-02,107145.62
2016-02-03,107191.77
2016-02-04,109739.59
2016-02-05,111290.0
2016-02-09,110444.29000000001
2016-02-10,109953.2
2016-02-11,112370.65
2016-02-12,110904.0
2016-02-15,111412.0
2016-02-16,111506.61
2016-02-17,111575.0
2016-02-18,113139.0
2016-02-19,110316.25
2016-02-22,110903.43
2016-02-23,109523.0
2016-02-24,109234.38
2016-02-25,109022.77
2016-02-26,112239.74
2016-02-29,113491.43
2016-03-01,114312.0
2016-03-02,113769.09
2016-03-03,115676.9
2016-03-04,115003.2
2016-03-07,116014.62
2016-03-08,115861.71
2016-03-10,115870.0
2016-03-11,114683.0
2016-03-14,114433.09
2016-03-15,116765.0
2016-03-16,117050.28
2016-03-17,118505.0
2016-03-18,117830.64
2016-03-21,117837.0
2016-03-22,117527.07
2016-03-23,116996.67
2016-03-24,115706.65
2016-03-28,114504.55
2016-03-29,113816.09
2016-03-30,115135.72
2016-03-31,115066.05
2016-04-01,113569.61
2016-04-04,118047.95
2016-04-05,116402.88
2016-04-06,116839.7
2016-04-07,116152.4
2016-04-08,117052.0
2016-04-11,115526.16
2016-04-12,117139.32
2016-04-13,115771.0
2016-04-14,115527.54000000001
2016-04-15,115769.0
2016-04-18,115781.84
2016-04-19,116971.41
2016-04-20,118942.0
2016-04-21,119678.0
2016-04-22,119691.0
2016-04-25,118829.27
2016-04-26,116430.36
2016-04-27,116847.27
2016-04-28,116708.11
2016-04-29,115874.18
2016-05-02,114195.0
2016-05-03,114776.0
2016-05-04,115495.62
2016-05-09,112711.09
2016-05-10,112026.4
2016-05-11,113354.0
2016-05-12,112321.86
2016-05-13,110777.35
2016-05-16,108971.0
2016-05-17,109201.72
2016-05-18,108550.0
2016-05-19,107499.0
2016-05-20,109049.28
2016-05-23,108398.63
2016-05-24,107908.19
2016-05-25,110179.29
2016-05-26,110837.9
2016-05-27,112021.36
2016-05-30,112702.6
2016-05-31,111385.0
2016-06-01,112227.62
2016-06-02,111640.54000000001
2016-06-03,112241.07
2016-06-06,113446.56
2016-06-07,114576.89
2016-06-08,114358.0
2016-06-09,113738.95
2016-06-10,112694.67
2016-06-13,111363.03
2016-06-14,111676.39
2016-06-15,112309.0
2016-06-16,111546.88
2016-06-17,113823.61
2016-06-20,113091.0
2016-06-21,112984.63
2016-06-22,113804.54000000001
2016-06-23,113600.0
2016-06-24,112867.22
2016-06-27,113250.81
2016-06-28,113617.89
2016-06-29,116711.76000000001
2016-06-30,117454.59
2016-07-01,116237.0
2016-07-11,119300.0
2016-07-12,120404.98
2016-07-13,122130.0
2016-07-14,120605.0
2016-07-15,121496.63
2016-07-18,123663.76
2016-07-19,125114.77
2016-07-20,126303.14
2016-07-21,124778.0
2016-07-22,124578.95999999999
2016-07-25,125060.0
2016-07-26,125204.0
2016-07-27,127176.54000000001
2016-07-28,129099.0
2016-07-29,128208.0
2016-08-01,131661.0
2016-08-02,131590.0
2016-08-03,132045.44
2016-08-04,132653.0
2016-08-05,133710.5
2016-08-08,134421.63
2016-08-09,134715.2
2016-08-10,135904.61
2016-08-11,134750.12
2016-08-12,133307.0
2016-08-15,131421.05
2016-08-16,133846.0
2016-08-18,135912.5
2016-08-19,134696.65
2016-08-22,134895.42
2016-08-23,134318.66
2016-08-24,133757.66
2016-08-25,134715.0
2016-08-26,135098.63
2016-08-29,133377.0
2016-08-30,132643.57
2016-08-31,133111.63
2016-09-01,130778.82
2016-09-02,131850.87
2016-09-05,132836.2
2016-09-06,131972.88
2016-09-07,132969.0
2016-09-08,132722.47
2016-09-09,130524.0
2016-09-13,127592.4
2016-09-14,125520.0
2016-09-15,128904.23999999999
2016-09-16,128404.0
2016-09-19,129167.20999999999
2016-09-20,129452.23
2016-09-21,131195.77
2016-09-22,132402.0
2016-09-23,133242.05
2016-09-26,132317.84
2016-09-27,134826.0
2016-09-28,134449.46
2016-09-29,136150.55
2016-09-30,132421.96
2016-10-03,135808.57
2016-10-04,136612.3
2016-10-05,134487.37
2016-10-06,135601.78
2016-10-07,135842.05
2016-10-10,135594.0
2016-10-11,136636.6
2016-10-12,135470.83
2016-10-13,134390.82
2016-10-14,136553.47
2016-10-17,136266.0
2016-10-18,136261.0
2016-10-19,135988.05
2016-10-20,134242.93
2016-10-21,133340.47
2016-10-24,134466.0
2016-10-25,134617.43
2016-10-26,135380.0
2016-10-27,136129.07
2016-10-28,135287.27
2016-10-31,135196.78
2016-11-01,136138.71
2016-11-02,136216.0
2016-11-03,133794.0
2016-11-04,135607.0
2016-11-07,137375.0
2016-11-08,139104.07
2016-11-09,137242.0
2016-11-10,139604.75
2016-11-11,134980.1
2016-11-14,131480.1
2016-11-15,127802.0
2016-11-16,130970.17
2016-11-17,129597.1
2016-11-18,128599.68
2016-11-21,128927.3
2016-11-22,130637.62
2016-11-23,131526.22
2016-11-24,128529.0
2016-11-25,129728.48
2016-11-28,129988.08
2016-11-29,131712.17
2016-11-30,131189.25
2016-12-01,133819.95
2016-12-02,134895.98
2016-12-05,135555.0
2016-12-06,135016.45
2016-12-07,134540.94
2016-12-08,135889.78
2016-12-09,136337.68
2016-12-13,136729.46
2016-12-14,136686.0
2016-12-15,135468.2
2016-12-16,134973.0
2016-12-19,133434.97
2016-12-20,131812.27
2016-12-21,131653.0
2016-12-22,129230.98
2016-12-23,128437.0
2016-12-27,130149.87
2016-12-28,132810.17
2016-12-29,135927.33000000002
2016-12-30,135270.15
2017-01-02,135334.0
2017-01-03,135416.98
2017-01-04,136370.0
2017-01-05,136459.01
2017-01-06,134806.14
2017-01-09,132925.05
2017-01-10,134075.0
2017-01-11,133550.96
2017-01-12,133349.59
2017-01-13,131808.5
2017-01-16,131550.34
2017-01-17,130730.0
2017-01-18,131963.92
2017-01-19,131752.52
2017-01-20,129958.8
2017-01-23,129420.89
2017-01-24,128849.13
2017-01-25,129132.0
2017-01-26,130299.0
2017-01-27,130938.15
2017-01-30,131024.89
2017-01-31,130330.05
2017-02-01,131208.98
2017-02-02,132655.89
2017-02-03,132960.17
2017-02-06,133708.28
2017-02-07,133307.9
2017-02-08,133386.85
2017-02-09,134058.07
2017-02-10,132926.98
2017-02-13,134667.0
2017-02-14,133316.74
2017-02-15,132941.51
2017-02-16,133654.0
2017-02-17,132804.14
2017-02-20,132977.57
2017-02-21,133927.9
2017-02-22,133690.0
2017-02-23,133889.85
2017-02-24,134555.95
2017-02-27,133499.74
2017-02-28,134110.01
2017-03-01,133839.92
2017-03-02,134918.93
2017-03-03,135415.29
2017-03-06,134932.0
2017-03-07,134536.26
2017-03-08,133869.35
2017-03-09,134219.13
2017-03-10,132834.16
2017-03-13,132722.98
2017-03-14,133307.95
2017-03-15,133279.96
2017-03-16,135722.63
2017-03-17,136758.77
2017-03-20,137082.34
2017-03-21,138377.19
2017-03-22,138254.05
2017-03-23,139293.05
2017-03-24,139619.16999999998
2017-03-27,139035.85
2017-03-29,141336.0
2017-03-30,140801.0
2017-03-31,141210.4
2017-04-03,142281.12
2017-04-04,145149.12
2017-04-05,142766.57
2017-04-06,142866.25
2017-04-07,142162.17
2017-04-10,141550.11
2017-04-11,140277.23
2017-04-12,141206.6
2017-04-13,140352.32
2017-04-17,139393.88
2017-04-18,140319.33000000002
2017-04-19,141232.35
2017-04-20,139353.44
2017-04-21,139925.0
2017-04-25,141099.0
2017-04-26,142843.45
2017-04-27,142864.0
2017-04-28,142058.32
2017-05-02,140484.0
2017-05-03,138763.0
2017-05-04,139919.14
2017-05-05,139597.0
2017-05-08,140681.51
2017-05-09,139118.44
2017-05-10,136917.41
2017-05-12,137279.25
2017-05-15,137980.89
2017-05-16,138128.56
2017-05-17,136524.0
2017-05-18,137703.16
2017-05-19,140613.12
2017-05-22,140790.53
2017-05-23,141627.25
2017-05-24,140964.63
2017-05-26,141468.87
2017-05-29,141380.0
2017-05-30,141134.43
2017-05-31,139776.0
2017-06-01,140481.12
2017-06-02,140372.34
2017-06-05,141222.89
2017-06-06,140625.24
2017-06-07,141506.45
2017-06-08,140785.81
2017-06-09,140256.0
2017-06-12,140492.69
2017-06-13,141051.48
2017-06-14,144101.85
2017-06-15,143618.07
2017-06-16,141470.12
2017-06-19,142050.59
2017-06-20,144133.56
2017-06-21,144575.23
2017-06-22,143857.38
2017-06-23,143322.56
2017-06-26,143524.75
2017-06-27,143538.32
2017-06-28,143452.0
2017-06-29,143681.53
2017-06-30,142590.84
2017-07-03,146054.15
2017-07-04,146406.86
2017-07-05,144804.0
2017-07-06,145939.0
2017-07-07,145380.28
2017-07-10,143480.0
2017-07-11,143605.78
2017-07-12,145339.14
2017-07-13,146136.26
2017-07-14,146435.57
2017-07-17,147584.7
2017-07-18,145757.0
2017-07-19,147144.02
2017-07-20,148283.0
2017-07-21,146059.69
2017-07-24,147862.23
2017-07-25,147003.69
2017-07-26,146511.0
2017-07-27,147443.05
2017-07-28,146870.03
2017-07-31,146347.59
2017-08-01,146363.0
2017-08-02,148393.0
2017-08-03,146600.73
2017-08-04,146075.35
2017-08-07,146222.1
2017-08-08,147553.2
2017-08-09,149093.21
2017-08-10,148726.0
2017-08-11,146603.22
2017-08-14,148015.85
2017-08-15,148205.15
2017-08-16,150429.85
2017-08-17,150434.74
2017-08-18,150363.0
2017-08-21,149046.62
2017-08-22,149986.54
2017-08-23,150591.0
2017-08-24,150092.44
2017-08-25,150388.62
2017-08-28,149646.15
2017-08-29,149233.0
2017-08-30,148145.62
2017-08-31,148605.0
2017-09-01,148664.0
2017-09-04,145869.02
2017-09-05,145445.0
2017-09-06,145436.21
2017-09-07,145234.08000000002
2017-09-08,147074.2
2017-09-11,148143.08
2017-09-12,147399.0
2017-09-13,146398.07
2017-09-14,145551.0
2017-09-15,145146.0
2017-09-18,146109.12
2017-09-19,146677.0
2017-09-20,146467.63
2017-09-21,146718.76
2017-09-22,145971.35
2017-09-25,145340.21
2017-09-26,144034.25
2017-09-27,144099.5
2017-09-28,144555.22
2017-09-29,146895.88
2017-10-02,147736.39
2017-10-03,147740.49
2017-10-04,148339.0
2017-10-05,147256.0
2017-10-06,147941.46
2017-10-09,148019.0
2017-10-10,148284.49
2017-10-11,148383.0
2017-10-12,151453.55
2017-10-13,150252.98
2017-10-16,152179.48
2017-10-17,151425.65
2017-10-18,151677.53
2017-10-19,152372.34
2017-10-20,151877.84
2017-10-23,153406.0
2017-10-24,153269.02
2017-10-25,156881.27
2017-10-26,154446.3
2017-10-27,152984.02
2017-10-30,154607.0
2017-10-31,156385.08000000002
2017-11-01,157155.79
2017-11-02,157398.0
2017-11-03,157648.49
2017-11-06,157134.22
2017-11-07,157606.0
2017-11-08,156441.0
2017-11-09,154656.61
2017-11-10,153948.64
2017-11-13,152134.96
2017-11-14,151171.97999999998
2017-11-15,149394.0
2017-11-16,150075.22
2017-11-17,151787.61
2017-11-20,151310.21
2017-11-21,149997.43
2017-11-22,150927.63
2017-11-23,150752.07
2017-11-24,150021.24
2017-11-27,149522.77
2017-11-28,149732.0
2017-11-29,149673.98
2017-11-30,147800.42
2017-12-01,147097.94
2017-12-04,148420.0
2017-12-05,148299.27
2017-12-06,149266.16
2017-12-07,149358.0
2017-12-08,150853.0
2017-12-11,150094.49
2017-12-12,151524.0
2017-12-13,152222.0
2017-12-14,155694.8
2017-12-15,154862.87
2017-12-18,154680.0
2017-12-19,155625.85
2017-12-20,153403.4
2017-12-21,157453.03
2017-12-22,157212.08000000002
2017-12-25,157661.0
2017-12-26,158222.03
2017-12-27,158374.64
2017-12-28,157557.08000000002
2017-12-29,161358.31
2018-01-01,161333.0
2018-01-02,162471.16
2018-01-03,160927.08
2018-01-04,161902.08
2018-01-05,163476.44
2018-01-08,166125.46
2018-01-09,166056.0
2018-01-10,166581.84
2018-01-11,166859.32
2018-01-12,165957.0
2018-01-15,167096.13
2018-01-16,169329.0
2018-01-17,170663.4
2018-01-18,171393.65
2018-01-19,171611.0
2018-01-22,171591.35
2018-01-23,174093.8
2018-01-24,175769.52
2018-01-25,176772.21
2018-01-26,178506.71
2018-01-29,180189.86
2018-01-30,176791.11
2018-01-31,178200.83
2018-02-01,178702.44
2018-02-02,177732.0
2018-02-05,175282.47
2018-02-06,171797.59
2018-02-07,173882.0
2018-02-08,174602.0
2018-02-09,173194.44
2018-02-12,172378.64
2018-02-13,175050.95
2018-02-14,175479.6
2018-02-15,176705.39
2018-02-16,176249.25
2018-02-19,180045.71
2018-02-20,179411.0
2018-02-21,178457.84
2018-02-22,178829.71
2018-02-23,179409.83000000002
2018-02-26,176275.11
2018-02-27,179122.0
2018-02-28,174364.87
2018-03-01,176552.38
2018-03-02,174006.82
2018-03-05,171526.95
2018-03-06,169819.0
2018-03-07,165478.0
2018-03-08,167492.36
2018-03-09,167557.46
2018-03-12,172322.71
2018-03-13,169753.55
2018-03-14,166703.96
2018-03-15,164962.91999999998
2018-03-16,166545.0
2018-03-19,165526.72
2018-03-20,165067.11
2018-03-21,168734.85
2018-03-22,164486.72
2018-03-23,163471.0
2018-03-26,163442.89
2018-03-27,164939.17
2018-03-28,161377.46
2018-03-29,162942.47
2018-03-30,162710.77
2018-04-02,163688.24
2018-04-03,162381.0
2018-04-04,160370.35
2018-04-05,162706.72
2018-04-06,162267.39
2018-04-09,162509.52
2018-04-10,166878.04
2018-04-11,165434.23
2018-04-12,165749.0
2018-04-13,165009.53
2018-04-16,165007.0
2018-04-17,164899.0
2018-04-18,164556.0
2018-04-19,164743.0
2018-04-20,164694.0
2018-04-23,165219.06
2018-04-24,162859.02
2018-04-25,163036.0
2018-04-26,160964.63
2018-04-27,161766.68
2018-04-30,156127.45
2018-05-01,155977.0
2018-05-02,155267.28
2018-05-03,150923.57
2018-05-04,149084.72
2018-05-07,151068.95
2018-05-08,147696.37
2018-05-09,153637.68
2018-05-10,152898.39
2018-05-11,157895.0
2018-05-14,158809.02
2018-05-15,156573.18
2018-05-16,156576.0
2018-05-17,153193.53
2018-05-18,152041.0
2018-05-21,152598.0
2018-05-22,152778.74
2018-05-23,151902.0
2018-05-24,155914.87
2018-05-25,157804.22
2018-05-28,159498.22
2018-05-29,159661.94
2018-05-30,158274.95
2018-05-31,157564.0
2018-06-01,158075.68
2018-06-04,158606.16999999998
2018-06-05,162301.0
2018-06-06,161141.58000000002
2018-06-07,160528.7
2018-06-08,157378.0
2018-06-11,157356.0
2018-06-12,157871.31
2018-06-13,157486.86
2018-06-14,157377.95
2018-06-15,157379.19
2018-06-18,157266.75
2018-06-19,157823.55
2018-06-20,152755.0
2018-06-21,150247.63
2018-06-22,148040.07
2018-06-25,148651.45
2018-06-26,146102.85
2018-06-27,145888.51
2018-06-28,139973.42
2018-06-29,144397.24
2018-07-02,141312.66
2018-07-03,136560.48
2018-07-04,139836.0
2018-07-05,141323.87
2018-07-06,141793.97
2018-07-09,144516.0
2018-07-10,146349.8
2018-07-11,147851.79
2018-07-12,147412.0
2018-07-13,148590.25
2018-07-16,146598.05
2018-07-17,146758.77
2018-07-18,147942.61
2018-07-19,148265.43
2018-07-20,147204.79
2018-07-23,148888.08
2018-07-24,151240.0
2018-07-25,153127.71
2018-07-26,154592.8
2018-07-27,157007.02
2018-07-30,158227.0
2018-07-31,154024.0
2018-08-01,159324.9
2018-08-02,157882.0
2018-08-03,155599.59
2018-08-06,157884.87
2018-08-07,160292.05
2018-08-08,159587.31
2018-08-09,158848.0
2018-08-10,158572.0
2018-08-13,151701.66
2018-08-14,148517.79
2018-08-15,150007.76
2018-08-16,149653.0
2018-08-17,149968.38999999998
2018-08-20,154772.74
2018-08-21,155290.44
2018-08-22,155254.8
2018-08-23,157495.0
2018-08-24,156813.7
2018-08-27,158708.0
2018-08-28,160148.73
2018-08-29,161196.0
2018-08-30,161004.0
2018-08-31,158773.76
2018-09-03,156200.87
2018-09-04,155451.34
2018-09-05,150189.82
2018-09-06,150602.76
2018-09-07,152966.0
2018-09-10,152164.43
2018-09-11,152220.39
2018-09-12,150770.76
2018-09-13,153657.97
2018-09-14,155406.0
2018-09-17,151512.29
2018-09-18,151392.0
2018-09-19,152867.79
2018-09-20,155461.76
2018-09-21,154394.69
2018-09-24,154454.8
2018-09-25,155163.0
2018-09-26,155892.0
2018-09-27,157464.0
2018-09-28,161016.84
2018-10-01,158342.0
2018-10-02,155068.0
2018-10-03,155224.96
2018-10-04,151857.48
2018-10-05,150968.57
2018-10-08,151952.31
2018-10-09,152183.0
2018-10-10,152328.0
2018-10-11,148491.37
2018-10-12,150365.95
2018-10-15,150056.0
2018-10-16,152452.0
2018-10-17,153785.36
2018-10-18,153775.8
2018-10-19,153309.19
2018-10-22,153420.0
2018-10-23,151948.0
2018-10-24,151183.46
2018-10-25,153276.46
2018-10-26,149495.66
2018-10-29,151115.31
2018-10-30,151913.88
2018-10-31,153033.91999999998
2018-11-01,153619.0
2018-11-02,155829.25
2018-11-05,156102.93
2018-11-06,156513.0
2018-11-07,157269.7
2018-11-08,156598.05
2018-11-09,154633.0
2018-11-12,151773.58000000002
2018-11-13,154063.68
2018-11-14,155176.0
2018-11-15,158684.0
2018-11-16,160903.63
2018-11-19,160991.25
2018-11-20,161236.44
2018-11-21,156900.68
2018-11-22,161490.06
2018-11-23,157384.68
2018-11-26,158829.96
2018-11-27,159383.49
2018-11-28,157849.16
2018-11-29,163968.98
2018-11-30,161768.0
2018-12-03,163694.0
2018-12-04,163412.47
2018-12-05,164409.83000000002
2018-12-06,164848.73
2018-12-07,164053.16
2018-12-10,164447.66
2018-12-11,162056.14
2018-12-12,162822.9
2018-12-13,166516.0
2018-12-14,165192.53
2018-12-17,163111.23
2018-12-18,162214.66
2018-12-19,165312.0
2018-12-20,164238.0
2018-12-21,164063.0
2018-12-24,164037.73
2018-12-25,163376.71
2018-12-26,163670.19
2018-12-27,165143.66
2018-12-28,165950.0
2018-12-31,164367.8
2019-01-01,165976.6
2019-01-02,164221.0
2019-01-03,165482.41
2019-01-04,167766.72
2019-01-07,167481.22
2019-01-08,167284.06
2019-01-09,167816.2
2019-01-10,169382.97
2019-01-11,172006.33000000002
2019-01-14,170351.0
2019-01-15,174034.54
2019-01-16,172575.45
2019-01-17,174809.45
2019-01-18,176101.54
2019-01-21,177774.44
2019-01-22,177379.18
2019-01-23,176970.0
2019-01-24,177847.02
2019-01-25,179124.59
2019-01-28,177448.47
2019-01-29,177762.94
2019-01-30,176762.0
2019-01-31,178089.48
2019-02-01,179764.0
2019-02-04,176893.0
2019-02-05,176922.0
2019-02-06,179201.91
2019-02-07,178362.0
2019-02-08,176891.19
2019-02-11,174964.0
2019-02-12,173517.85
2019-02-13,172754.41
2019-02-14,171791.15
2019-02-15,169828.0
2019-02-18,173017.89
2019-02-19,172567.41
2019-02-20,176320.0
2019-02-21,177723.1
2019-02-22,176464.0
2019-02-25,176250.62
2019-02-26,177073.61
2019-02-27,174993.87
2019-02-28,172553.71
2019-03-01,173637.39
2019-03-04,174900.35
2019-03-05,173337.49
2019-03-06,174392.89
2019-03-07,174512.0
2019-03-08,172068.0
2019-03-11,172275.9
2019-03-12,171414.27
2019-03-13,173051.52
2019-03-14,174136.2
2019-03-15,175723.96
2019-03-18,176468.6
2019-03-19,176929.92
2019-03-20,175858.41
2019-03-21,179563.86
2019-03-22,179483.72
2019-03-25,177487.0
2019-03-26,179539.94
2019-03-27,179064.44
2019-03-28,179689.04
2019-03-29,178412.0
2019-04-01,178261.74
2019-04-02,179191.84
2019-04-03,178644.05
2019-04-04,177416.84
2019-04-05,176801.31
2019-04-08,173422.0
2019-04-09,176186.57
2019-04-10,176252.8
2019-04-11,173774.0
2019-04-12,172723.84
2019-04-15,172418.82
2019-04-16,172268.16999999998
2019-04-17,173677.49
2019-04-18,175405.0
2019-04-19,175443.0
2019-04-22,172869.0
2019-04-23,174659.52
2019-04-24,174169.0
2019-04-25,171388.37
2019-04-26,172807.84
2019-04-29,172740.01
2019-04-30,172901.1
2019-05-01,172266.1
2019-05-02,169511.84
2019-05-03,166246.56
2019-05-06,163882.61
2019-05-07,165461.05
2019-05-08,164359.27
2019-05-09,160944.75
2019-05-10,160626.58
2019-05-13,158075.27
2019-05-14,157103.57
2019-05-15,154332.54
2019-05-16,151229.0
2019-05-17,148078.59
2019-05-20,153571.38999999998
2019-05-21,153532.0
2019-05-22,153686.11000000002
2019-05-23,157039.0
2019-05-24,157639.33
2019-05-27,159741.94
2019-05-28,158136.3
2019-05-29,159664.34
2019-05-30,158999.8
2019-05-31,163005.0
2019-06-03,163161.47
2019-06-04,163422.27
2019-06-05,163013.37
2019-06-06,163158.46
2019-06-07,163250.62
2019-06-10,165340.05
2019-06-11,165158.62
2019-06-12,164348.46
2019-06-13,163883.64
2019-06-14,163201.21
2019-06-17,161765.49
2019-06-18,162263.45
2019-06-19,12617.0
2019-06-20,163518.62
2019-06-21,163059.0
2019-06-24,162230.0
2019-06-25,164118.46
2019-06-26,162946.66
2019-06-27,165065.0
2019-06-28,165114.87
2019-07-01,167562.7
2019-07-02,167868.0
2019-07-03,167205.75
2019-07-04,166938.0
2019-07-05,167258.0
2019-07-08,165108.88
2019-07-09,166986.29
2019-07-10,168607.0
2019-07-11,168602.0
2019-07-12,167314.11
2019-07-15,168674.38
2019-07-16,167588.56
2019-07-17,167253.31
2019-07-18,168012.16999999998
2019-07-19,166853.38
2019-07-22,168220.41
2019-07-23,168136.1
2019-07-24,167157.08
2019-07-25,167051.15
2019-07-26,165008.9
2019-07-29,166363.77
2019-07-30,167131.0
2019-07-31,166560.98
2019-08-01,167074.0
2019-08-02,162871.46
2019-08-05,161155.56
2019-08-06,159286.19
2019-08-07,160465.41
2019-08-08,161775.68
2019-08-09,161924.08000000002
2019-08-12,160255.02
2019-08-13,158171.16
2019-08-14,159984.1
2019-08-15,159458.0
2019-08-16,159223.31
2019-08-19,160304.53
2019-08-20,159998.31
2019-08-21,159791.79
2019-08-22,156151.0
2019-08-23,156845.52
2019-08-26,157919.41
2019-08-27,157394.31
2019-08-28,157022.36
2019-08-29,158204.63
2019-08-30,160636.1
2019-09-02,158546.16
2019-09-03,157642.8
2019-09-04,157843.36
2019-09-05,160668.04
2019-09-06,161290.0
2019-09-09,161706.18
2019-09-10,161645.7
2019-09-11,161007.0
2019-09-12,159618.8
2019-09-13,158985.0
2019-09-16,159034.18
2019-09-17,158955.44
2019-09-18,161518.72
2019-09-19,158070.91
2019-09-20,157873.4
2019-09-23,156751.06
2019-09-24,154495.0
2019-09-25,153308.0
2019-09-26,154940.0
2019-09-27,156614.05
2019-09-30,152507.03
2019-10-01,151426.0
2019-10-02,148656.97
2019-10-03,148109.69
2019-10-04,150736.36
2019-10-07,148081.0
2019-10-08,149076.45
2019-10-09,148198.93
2019-10-10,149105.0
2019-10-11,151271.0
2019-10-14,153117.74
2019-10-15,154031.7
2019-10-16,154866.23
2019-10-17,155010.22
2019-10-18,155196.38
2019-10-21,155916.0
2019-10-22,156737.43
2019-10-23,158861.71
2019-10-24,160881.19
2019-10-25,158537.94
2019-10-28,158860.0
2019-10-29,159042.0
2019-10-30,160633.0
2019-10-31,157155.21
2019-11-01,157730.35
2019-11-04,155899.35
2019-11-05,158786.0
2019-11-06,158133.0
2019-11-07,157350.18
2019-11-08,158106.0
2019-11-11,157305.0
2019-11-12,157148.1
2019-11-13,154979.0
2019-11-14,153814.0
2019-11-15,154915.91999999998
2019-11-18,153578.93
2019-11-19,155086.13
2019-11-20,155124.18
2019-11-21,153677.7
2019-11-22,152858.48
2019-11-25,152134.1
2019-11-26,151270.0
2019-11-27,150253.0
2019-11-28,147930.76
2019-11-29,147920.0
2019-12-02,151806.0
2019-12-03,151719.87
2019-12-04,150616.47
2019-12-05,151855.14
2019-12-06,152895.47
2019-12-09,152367.62
2019-12-10,153136.0
2019-12-11,151494.63
2019-12-12,150808.87
2019-12-13,152470.1
2019-12-16,153175.2
2019-12-17,154499.09
2019-12-18,157100.8
2019-12-19,155758.0
2019-12-20,155812.12
2019-12-23,156154.47
2019-12-26,156528.95
2019-12-27,156973.0
2019-12-30,155277.0
2020-01-02,154117.69
2020-01-03,156193.19999999998
2020-01-06,155477.3
2020-01-07,153650.64
2020-01-08,153451.89
2020-01-09,156413.22999999998
2020-01-10,156733.0
2020-01-13,157323.14
2020-01-14,158556.72
2020-01-15,157257.0
2020-01-16,155568.06
2020-01-17,159305.85
2020-01-20,156928.29
2020-01-21,155289.65
2020-01-22,155746.33000000002
2020-01-23,155907.08
2020-01-24,156254.0
2020-01-27,152577.52
2020-01-28,152802.39
2020-01-29,151361.0
2020-01-30,149330.06
2020-01-31,144280.48
2020-02-03,143376.75
2020-02-04,145566.0
2020-02-05,148900.32
2020-02-06,148136.07
2020-02-07,147862.0
2020-02-10,146281.0
2020-02-11,145997.0
2020-02-12,143739.31
2020-02-13,141952.49
2020-02-14,143443.15
2020-02-17,145202.21
2020-02-18,146319.0
2020-02-19,145964.66999999998
2020-02-20,147640.0
2020-02-21,145001.77
2020-02-24,142133.95
2020-02-25,141470.66999999998
2020-02-26,139585.77
2020-02-27,136340.32
2020-02-28,133662.67
2020-03-02,131659.77
2020-03-03,134644.52
2020-03-04,139951.78
2020-03-05,139381.0
2020-03-06,134801.85
2020-03-09,123359.59
2020-03-10,125835.59
2020-03-11,122835.0
2020-03-12,114900.72
2020-03-13,114896.32
2020-03-16,110755.0
2020-03-17,100949.15
2020-03-18,97162.92
2020-03-19,90503.0
2020-03-20,97621.75
2020-03-23,89231.0
2020-03-24,88598.0
2020-03-26,104918.55
2020-03-27,110089.28
2020-03-30,104851.92
2020-03-31,109155.1
2020-04-01,106696.69
2020-04-02,107375.45
2020-04-03,109044.45999999999
2020-04-06,114723.34
2020-04-07,113210.2
2020-04-08,108874.41
2020-04-09,109048.76
2020-04-13,107477.63
2020-04-14,109542.93
2020-04-15,107282.56
2020-04-16,101981.35
2020-04-17,105036.0
2020-04-20,103516.58
2020-04-21,100378.0
2020-04-22,102613.34
2020-04-23,104676.01
2020-04-24,100080.51
2020-04-27,100915.41
2020-04-28,100721.85
2020-04-29,104383.26000000001
2020-04-30,107038.93
2020-05-04,104321.05
2020-05-05,105518.0
2020-05-06,106365.91
2020-05-08,106458.13
2020-05-11,107925.0
2020-05-12,106617.42
2020-05-13,105364.98
2020-05-14,104300.84
2020-05-15,102717.16
2020-05-18,103557.48999999999
2020-05-19,103862.0
2020-05-20,103798.0
2020-05-26,106459.98
2020-05-27,107810.95
2020-05-28,110711.82
2020-05-29,111508.67
2020-06-02,115357.75
2020-06-03,119726.0
2020-06-04,119052.20999999999
2020-06-05,119602.0
2020-06-08,123676.75
2020-06-09,121796.0
2020-06-10,117702.23
2020-06-11,116031.70999999999
2020-06-12,117328.0
2020-06-15,114865.0
2020-06-16,119140.63
2020-06-17,118441.67
2020-06-18,116012.95999999999
2020-06-19,116454.77
2020-06-22,116875.54000000001
2020-06-23,116080.78
2020-06-24,116627.25
2020-06-25,116704.83
2020-06-26,116693.0
2020-06-29,115888.58
2020-06-30,116121.87
2020-07-01,116801.08
2020-07-02,118313.52
2020-07-03,118415.0
2020-07-06,119707.68
2020-07-07,119668.57
2020-07-08,122670.95999999999
2020-07-09,120962.0
2020-07-10,120565.57
2020-07-13,121506.0
2020-07-14,122434.38
2020-07-15,121749.0
2020-07-16,122376.96
2020-07-17,121926.69
2020-07-20,121326.56
2020-07-21,123853.0
2020-07-22,124482.95999999999
2020-07-23,126528.14
2020-07-24,124653.26
2020-07-27,125682.0
2020-07-28,126366.88
2020-07-29,125714.93
2020-07-30,125858.0
2020-08-03,121920.26
2020-08-04,124182.1
2020-08-05,127526.09
2020-08-06,128901.0
2020-08-07,127379.64
2020-08-10,127523.79
2020-08-11,129209.0
2020-08-12,129976.95
2020-08-13,130264.0
2020-08-14,131089.0
2020-08-18,130721.26
2020-08-19,130669.03
2020-08-24,131908.68
2020-08-25,134594.38
2020-08-26,134448.5
2020-08-27,136011.64
2020-08-28,135246.44
2020-08-31,130866.39
2020-09-01,135183.0
2020-09-02,134137.4
2020-09-03,133920.83
2020-09-04,132644.64
2020-09-07,131786.24
2020-09-08,133007.38
2020-09-09,129920.0
2020-09-10,121709.0
2020-09-11,124206.2
2020-09-14,128308.12
2020-09-15,126722.64
2020-09-16,124443.08
2020-09-17,123994.52
2020-09-18,124806.56
2020-09-21,122510.0
2020-09-22,119846.68
2020-09-23,122278.26
2020-09-24,120146.26
2020-09-25,121018.64
2020-09-28,120070.79
2020-09-29,120544.2
2020-09-30,118525.0
2020-10-01,121889.0
2020-10-02,120176.0
2020-10-05,121447.09
2020-10-06,122820.93
2020-10-07,125478.01000000001
2020-10-08,126499.89
2020-10-09,124630.58
2020-10-12,126282.0
2020-10-13,127439.41
2020-10-14,129178.0
2020-10-15,127965.11
2020-10-16,127508.0
2020-10-19,129130.28
2020-10-20,129001.0
2020-10-21,128768.38
2020-10-22,132296.39
2020-10-23,129860.85
2020-10-26,129520.9
2020-10-27,128185.89
2020-11-02,129634.8
2020-11-03,130088.3
2020-11-04,126744.0
2020-11-05,132497.22
2020-11-06,135982.62
2020-11-09,135970.63
2020-11-10,140041.6
2020-11-11,142025.02
2020-11-12,140882.28
2020-11-13,140607.19
2020-11-16,141952.07
2020-11-17,142838.79
2020-11-18,143512.81
2020-11-19,144724.51
2020-11-20,144131.81
2020-11-23,146826.53
2020-11-24,148186.0
2020-11-25,146977.28
2020-11-26,148991.58
2020-11-27,149175.0
2020-11-30,146245.0
2020-12-01,148755.66
2020-12-02,152638.96
2020-12-03,153015.0
2020-12-04,152448.47
2020-12-07,156413.89
2020-12-08,156235.72
2020-12-09,44665.81
2020-12-10,151813.12
2020-12-11,152028.16
2020-12-14,159848.0
2020-12-15,159573.46
2020-12-16,163300.0
2020-12-17,163210.0
2020-12-18,161612.45
2020-12-21,159734.7
2020-12-22,157869.11
2020-12-23,157449.45
2020-12-28,160270.0
2020-12-29,159172.0
2020-12-30,156775.59
2021-01-04,159498.58
2021-01-05,162281.24
2021-01-06,159184.0
2021-01-07,161647.49
2021-01-08,164722.11000000002
2021-01-11,169238.0
2021-01-12,169832.0
2021-01-13,169709.6
2021-01-14,169160.0
2021-01-15,166780.15
2021-01-18,167102.16999999998
2021-01-19,165454.0
2021-01-20,166251.21
2021-01-21,166349.94
2021-01-22,162866.0
2021-01-25,160492.0
2021-01-26,157359.25
2021-01-27,153651.81
2021-01-28,149798.0
2021-01-29,146310.0
2021-02-01,151646.88
2021-02-02,150057.0
2021-02-03,150412.32
2021-02-04,150452.24
2021-02-05,152665.32
2021-02-08,153369.98
2021-02-09,152928.26
2021-02-10,152803.33000000002
2021-02-11,153999.0
2021-02-15,154126.63
2021-02-16,155785.55
2021-02-17,152962.48
2021-02-18,151158.73
2021-02-19,153391.13
2021-02-22,152151.0
2021-02-23,151609.0
2021-02-24,149927.8
2021-02-25,150246.0
2021-02-26,149064.69
2021-03-01,152362.54
2021-03-02,154339.16999999998
2021-03-03,153055.25
2021-03-04,150649.41999999998
2021-03-05,148976.0
2021-03-08,148200.89
2021-03-09,146593.0
2021-03-10,149376.54
2021-03-12,149812.36
2021-03-15,148952.51
2021-03-16,148931.51
2021-03-17,147765.0
2021-03-18,150320.82
2021-03-19,152319.89
2021-03-22,150262.79
2021-03-23,149564.15
2021-03-24,146644.43
2021-03-25,145747.82
2021-03-26,148205.54
2021-03-29,146754.0
2021-03-30,144212.0
2021-03-31,141662.21
2021-04-01,141511.0
2021-04-05,141168.0
2021-04-06,141640.94
2021-04-07,142014.55
2021-04-08,141646.28
2021-04-09,142431.0
2021-04-12,138754.61
2021-04-13,138261.38
2021-04-14,142106.95
2021-04-15,142847.79
2021-04-16,142737.53
2021-04-19,142721.59
2021-04-20,143005.41
2021-04-21,141505.37
2021-04-22,141080.33000000002
2021-04-23,142664.0
2021-04-26,141279.35
2021-04-27,140634.53
2021-04-28,141308.61
2021-04-29,142560.01
